<?xml version="1.0"?>
<!DOCTYPE hibernate-mapping PUBLIC "-//Hibernate/Hibernate Mapping DTD 3.0//EN"
"http://hibernate.sourceforge.net/hibernate-mapping-3.0.dtd">

<hibernate-mapping package="com.atguigu.hibernate.n2n">

    <class name="Category" table="CATEGORIES">
    
        <id name="id" type="java.lang.Integer">
            <column name="ID" />
            <generator class="native" />
        </id>
    
        <property name="name" type="java.lang.String">
            <column name="NAME" />
        </property>
        
        <!-- table: 指定中间表 -->
        <set name="items" table="CATEGORIES_ITEMS">
            <key>
                <column name="C_ID" />
            </key>
            <!-- 使用 many-to-many 指定多对多的关联关系. column 执行 Set 集合中的持久化类在中间表的外键列的名称  -->
            <many-to-many class="Item" column="I_ID"></many-to-many>
        </set>
        
    </class>
</hibernate-mapping>
