<?xml version="1.0"?>
<!DOCTYPE hibernate-mapping PUBLIC "-//Hibernate/Hibernate Mapping DTD 3.0//EN"
"http://hibernate.sourceforge.net/hibernate-mapping-3.0.dtd">

<hibernate-mapping package="com.atguigu.hibernate.subclass">

    <class name="Person" table="PERSONS" discriminator-value="PERSON">

        <id name="id" type="java.lang.Integer">
            <column name="ID" />
            <generator class="native" />
        </id>
        
        <!-- 配置辨别者列 -->
		<discriminator column="TYPE" type="string"></discriminator>

        <property name="name" type="java.lang.String">
            <column name="NAME" />
        </property>
        
        <property name="age" type="int">
            <column name="AGE" />
        </property>
        
        <!-- 映射子类 Student, 使用 subclass 进行映射 -->
        <subclass name="Student" discriminator-value="STUDENT">
        	<property name="school" type="string" column="SCHOOL"></property>
        </subclass>
        
    </class>
</hibernate-mapping>
